[
  {
    "name": "theme_info",
    "logo": "https:\/\/cdn.shopify.com\/s\/global\/branding\/shopify_logo_256x256.png",
    "settings": [
      {
        "type": "header",
        "content": "Supply Theme"
      },
      {
        "type": "paragraph",
        "content": "Ideal for stores with large inventories, Supply is designed to make it quick and easy to browse through all the categories and products your store has to offer. Features include prominent navigation, multiple homepage collections, sidebar filtering, and easy integration with the Product Reviews app."
      },
      {
        "type": "paragraph",
        "content": "This theme is fully supported by Shopify. For support and customizations, read the [theme documentation](https://docs.shopify.com/manual/more/official-shopify-themes/supply) or contact [theme-support@shopify.com](mailto:theme-support@shopify.com?subject=[Supply]+Theme+Support)."
      }
    ]
  },
  {
    "name": "Colors",
    "settings": [
      {
        "type": "header",
        "content": "General"
      },
      {
        "type": "color",
        "id": "color_primary",
        "label": "Primary content",
        "default": "#204a80",
        "info": "Text links and primary buttons"
      },
      {
        "type": "color",
        "id": "color_secondary",
        "label": "Secondary content",
        "default": "#dcdcdc",
        "info": "Secondary buttons"
      },
      {
        "type": "color",
        "id": "color_accent",
        "label": "Accents",
        "default": "#ffea00",
        "info": "Cart quantity"
      },
      {
        "type": "color",
        "id": "color_body_bg",
        "label": "Body background",
        "default": "#ffffff"
      },
      {
        "type": "color",
        "id": "color_borders",
        "label": "Borders",
        "default": "#ececec"
      },
      {
        "type": "header",
        "content": "Header"
      },
      {
        "type": "color",
        "id": "color_header_background",
        "label": "Background",
        "default": "#fff"
      },
      {
        "type": "color",
        "id": "color_header_text",
        "label": "Text and links",
        "default": "#fff"
      },
      {
        "type": "color",
        "id": "color_header_cart_search",
        "label": "Cart button and search field",
        "default": "#fff"
      },
      {
        "type": "color",
        "id": "color_nav_bg",
        "label": "Main menu background",
        "default": "#000"
      },
      {
        "type": "color",
        "id": "color_nav_text",
        "label": "Main menu items",
        "default": "#fff"
      },
      {
        "type": "header",
        "content": "Text"
      },
      {
        "type": "color",
        "id": "color_body_text",
        "label": "Body",
        "default": "#333333"
      },
      {
        "type": "color",
        "id": "color_heading_text",
        "label": "Headings",
        "default": "#000000",
        "info": "All headings and bold product prices"
      },
      {
        "type": "header",
        "content": "Footer"
      },
      {
        "type": "color",
        "id": "color_footer_bg",
        "label": "Background",
        "default": "#f2f2f2"
      },
      {
        "type": "color",
        "id": "color_footer_text",
        "label": "Text",
        "default": "#636363"
      },
      {
        "type": "color",
        "id": "color_footer_social_link",
        "label": "Social media icons",
        "default": "#bbbbbb"
      }
    ]
  },
  {
    "name": "Typography",
    "settings": [
      {
        "type": "header",
        "content": "Base styles"
      },
      {
        "type": "select",
        "id": "type_base_family",
        "label": "Font",
        "options": [
          {
            "value": "'Avant Garde', Avantgarde, 'Century Gothic', CenturyGothic, 'AppleGothic', sans-serif",
            "label": "Avant Garde",
            "group": "Sans-serif"
          },
          {
            "value": "'Gill Sans', 'Gill Sans MT', Calibri, sans-serif",
            "label": "Gill Sans",
            "group": "Sans-serif"
          },
          {
            "value": "'HelveticaNeue', 'Helvetica Neue', Helvetica, Arial, sans-serif",
            "label": "Helvetica Neue",
            "group": "Sans-serif"
          },
          {
            "value": "Arial, 'Helvetica Neue', Helvetica, sans-serif",
            "label": "Arial",
            "group": "Sans-serif"
          },
          {
            "value": "Candara, Calibri, Segoe, 'Segoe UI', Optima, Arial, sans-serif",
            "label": "Candara",
            "group": "Sans-serif"
          },
          {
            "value": "Geneva, Tahoma, Verdana, sans-serif",
            "label": "Geneva",
            "group": "Sans-serif"
          },
          {
            "value": "Google_Droid+Sans_400,700_sans",
            "label": "Droid Sans",
            "group": "Sans-serif | Google Web Fonts"
          },
          {
            "value": "Google_Lato_400,700_sans",
            "label": "Lato",
            "group": "Sans-serif | Google Web Fonts"
          },
          {
            "value": "Google_Montserrat_400,700_sans",
            "label": "Montserrat",
            "group": "Sans-serif | Google Web Fonts"
          },
          {
            "value": "Google_Open+Sans_400,700_sans",
            "label": "Open Sans",
            "group": "Sans-serif | Google Web Fonts"
          },
          {
            "value": "Google_PT+Sans_400,700_sans",
            "label": "PT Sans",
            "group": "Sans-serif | Google Web Fonts"
          },
          {
            "value": "Google_Raleway_600,800_sans",
            "label": "Raleway",
            "group": "Sans-serif | Google Web Fonts"
          },
          {
            "value": "Google_Roboto_400,700_sans",
            "label": "Roboto",
            "group": "Sans-serif | Google Web Fonts"
          },
          {
            "value": "Google_Ubuntu_400,700_sans",
            "label": "Ubuntu",
            "group": "Sans-serif | Google Web Fonts"
          },
          {
            "value": "'Big Caslon', 'Book Antiqua', 'Palatino Linotype', Georgia, serif",
            "label": "Big Calson",
            "group": "Serif"
          },
          {
            "value": "'Calisto MT', 'Bookman Old Style', Bookman, 'Goudy Old Style', Garamond, 'Hoefler Text', 'Bitstream Charter', Georgia, serif",
            "label": "Calisto MT",
            "group": "Serif"
          },
          {
            "value": "Baskerville, 'Baskerville Old Face', 'Hoefler Text', Garamond, 'Times New Roman', serif",
            "label": "Baskerville",
            "group": "Serif"
          },
          {
            "value": "Garamond, Baskerville, 'Baskerville Old Face', 'Hoefler Text', 'Times New Roman', serif",
            "label": "Garamond",
            "group": "Serif"
          },
          {
            "value": "Georgia, 'Hoefler Text', 'Times New Roman', serif",
            "label": "Georgia",
            "group": "Serif"
          },
          {
            "value": "TimesNewRoman, 'Times New Roman', Times, Baskerville, Georgia, serif",
            "label": "Times New Roman",
            "group": "Serif"
          },
          {
            "value": "Google_Arvo_400,400_serif",
            "label": "Arvo",
            "group": "Serif | Google Web Fonts"
          },
          {
            "value": "Google_Crimson+Text_400,700_serif",
            "label": "Crimson Text",
            "group": "Serif | Google Web Fonts"
          },
          {
            "value": "Google_Droid+Serif_400,700_serif",
            "label": "Droid Serif",
            "group": "Serif | Google Web Fonts"
          },
          {
            "value": "Google_Lora_400,700_serif",
            "label": "Lora",
            "group": "Serif | Google Web Fonts"
          },
          {
            "value": "Google_PT+Serif_400,700_serif",
            "label": "PT Serif",
            "group": "Serif | Google Web Fonts"
          },
          {
            "value": "Google_Vollkorn_400,700_serif",
            "label": "Vollkorn",
            "group": "Serif | Google Web Fonts"
          }
        ]
      },
      {
        "type": "select",
        "id": "type_base_size",
        "label": "Font size",
        "options": [
          {
            "value": "12px",
            "label": "12px"
          },
          {
            "value": "13px",
            "label": "13px"
          },
          {
            "value": "14px",
            "label": "14px"
          },
          {
            "value": "15px",
            "label": "15px"
          },
          {
            "value": "16px",
            "label": "16px"
          }
        ],
        "info": "Headings change proportionally based on body text size."
      },
      {
        "type": "header",
        "content": "Heading styles"
      },
      {
        "type": "select",
        "id": "type_header_family",
        "label": "Font",
        "options": [
          {
            "value": "'Avant Garde', Avantgarde, 'Century Gothic', CenturyGothic, 'AppleGothic', sans-serif",
            "label": "Avant Garde",
            "group": "Sans-serif"
          },
          {
            "value": "'Gill Sans', 'Gill Sans MT', Calibri, sans-serif",
            "label": "Gill Sans",
            "group": "Sans-serif"
          },
          {
            "value": "'HelveticaNeue', 'Helvetica Neue', Helvetica, Arial, sans-serif",
            "label": "Helvetica Neue",
            "group": "Sans-serif"
          },
          {
            "value": "Arial, 'Helvetica Neue', Helvetica, sans-serif",
            "label": "Arial",
            "group": "Sans-serif"
          },
          {
            "value": "Candara, Calibri, Segoe, 'Segoe UI', Optima, Arial, sans-serif",
            "label": "Candara",
            "group": "Sans-serif"
          },
          {
            "value": "Geneva, Tahoma, Verdana, sans-serif",
            "label": "Geneva",
            "group": "Sans-serif"
          },
          {
            "value": "Google_Droid+Sans_400_sans",
            "label": "Droid Sans",
            "group": "Sans-serif | Google Web Fonts"
          },
          {
            "value": "Google_Droid+Sans_700_sans",
            "label": "Droid Sans Bold",
            "group": "Sans-serif | Google Web Fonts"
          },
          {
            "value": "Google_Lato_400_sans",
            "label": "Lato",
            "group": "Sans-serif | Google Web Fonts"
          },
          {
            "value": "Google_Lato_700_sans",
            "label": "Lato Bold",
            "group": "Sans-serif | Google Web Fonts"
          },
          {
            "value": "Google_Montserrat_700_sans",
            "label": "Montserrat Bold",
            "group": "Sans-serif | Google Web Fonts"
          },
          {
            "value": "Google_Open+Sans_400_sans",
            "label": "Open Sans",
            "group": "Sans-serif | Google Web Fonts"
          },
          {
            "value": "Google_Open+Sans_700_sans",
            "label": "Open Sans Bold",
            "group": "Sans-serif | Google Web Fonts"
          },
          {
            "value": "Google_PT+Sans_400_sans",
            "label": "PT Sans",
            "group": "Sans-serif | Google Web Fonts"
          },
          {
            "value": "Google_PT+Sans_700_sans",
            "label": "PT Sans Bold",
            "group": "Sans-serif | Google Web Fonts"
          },
          {
            "value": "Google_Roboto_400_sans",
            "label": "Roboto",
            "group": "Sans-serif | Google Web Fonts"
          },
          {
            "value": "Google_Roboto_700_sans",
            "label": "Roboto Bold",
            "group": "Sans-serif | Google Web Fonts"
          },
          {
            "value": "Google_Ubuntu_400_sans",
            "label": "Ubuntu",
            "group": "Sans-serif | Google Web Fonts"
          },
          {
            "value": "Google_Ubuntu_700_sans",
            "label": "Ubuntu Bold",
            "group": "Sans-serif | Google Web Fonts"
          },
          {
            "value": "'Big Caslon', 'Book Antiqua', 'Palatino Linotype', Georgia, serif",
            "label": "Big Calson",
            "group": "Serif"
          },
          {
            "value": "'Calisto MT', 'Bookman Old Style', Bookman, 'Goudy Old Style', Garamond, 'Hoefler Text', 'Bitstream Charter', Georgia, serif",
            "label": "Calisto MT",
            "group": "Serif"
          },
          {
            "value": "Baskerville, 'Baskerville Old Face', 'Hoefler Text', Garamond, 'Times New Roman', serif",
            "label": "Baskerville",
            "group": "Serif"
          },
          {
            "value": "Garamond, Baskerville, 'Baskerville Old Face', 'Hoefler Text', 'Times New Roman', serif",
            "label": "Garamond",
            "group": "Serif"
          },
          {
            "value": "TimesNewRoman, 'Times New Roman', Times, Baskerville, Georgia, serif",
            "label": "Times New Roman",
            "group": "Serif"
          },
          {
            "value": "Google_Arvo_400_serif",
            "label": "Arvo",
            "group": "Serif | Google Web Fonts"
          },
          {
            "value": "Google_Arvo_700_serif",
            "label": "Arvo Bold",
            "group": "Serif | Google Web Fonts"
          },
          {
            "value": "Google_Crimson+Text_400_serif",
            "label": "Crimson Text",
            "group": "Serif | Google Web Fonts"
          },
          {
            "value": "Google_Crimson+Text_700_serif",
            "label": "Crimson Text Bold",
            "group": "Serif | Google Web Fonts"
          },
          {
            "value": "Google_Droid+Serif_400_serif",
            "label": "Droid Serif",
            "group": "Serif | Google Web Fonts"
          },
          {
            "value": "Google_Droid+Serif_700_serif",
            "label": "Droid Serif Bold",
            "group": "Serif | Google Web Fonts"
          },
          {
            "value": "Google_Lora_400_serif",
            "label": "Lora",
            "group": "Serif | Google Web Fonts"
          },
          {
            "value": "Google_Lora_700_serif",
            "label": "Lora Bold",
            "group": "Serif | Google Web Fonts"
          },
          {
            "value": "Google_PT+Serif_400_serif",
            "label": "PT Serif",
            "group": "Serif | Google Web Fonts"
          },
          {
            "value": "Google_PT+Serif_700_serif",
            "label": "PT Serif Bold",
            "group": "Serif | Google Web Fonts"
          },
          {
            "value": "Google_Vollkorn_400_serif",
            "label": "Vollkorn",
            "group": "Serif | Google Web Fonts"
          },
          {
            "value": "Google_Vollkorn_700_serif",
            "label": "Vollkorn Bold",
            "group": "Serif | Google Web Fonts"
          }
        ]
      },
      {
        "type": "checkbox",
        "id": "type_header_transform",
        "label": "Capitalize headings"
      },
      {
        "type": "header",
        "content": "Navigation and buttons styles"
      },
      {
        "type": "select",
        "id": "type_accent_family",
        "label": "Main menu and button font",
        "options": [
          {
            "value": "'Avant Garde', Avantgarde, 'Century Gothic', CenturyGothic, 'AppleGothic', sans-serif",
            "label": "Avant Garde",
            "group": "Sans-serif"
          },
          {
            "value": "'Gill Sans', 'Gill Sans MT', Calibri, sans-serif",
            "label": "Gill Sans",
            "group": "Sans-serif"
          },
          {
            "value": "'HelveticaNeue', 'Helvetica Neue', Helvetica, Arial, sans-serif",
            "label": "Helvetica Neue",
            "group": "Sans-serif"
          },
          {
            "value": "Arial, 'Helvetica Neue', Helvetica, sans-serif",
            "label": "Arial",
            "group": "Sans-serif"
          },
          {
            "value": "Candara, Calibri, Segoe, 'Segoe UI', Optima, Arial, sans-serif",
            "label": "Candara",
            "group": "Sans-serif"
          },
          {
            "value": "Geneva, Tahoma, Verdana, sans-serif",
            "label": "Geneva",
            "group": "Sans-serif"
          },
          {
            "value": "Google_Droid+Sans_400_sans",
            "label": "Droid Sans",
            "group": "Sans-serif | Google Web Fonts"
          },
          {
            "value": "Google_Dosis_600_sans",
            "label": "Dosis Semi-Bold",
            "group": "Sans-serif | Google Web Fonts"
          },
          {
            "value": "Google_Lato_700_sans",
            "label": "Lato Bold",
            "group": "Sans-serif | Google Web Fonts"
          },
          {
            "value": "Google_Montserrat_400_sans",
            "label": "Montserrat",
            "group": "Sans-serif | Google Web Fonts"
          },
          {
            "value": "Google_Montserrat_700_sans",
            "label": "Montserrat Bold",
            "group": "Sans-serif | Google Web Fonts"
          },
          {
            "value": "Google_Open+Sans_600_sans",
            "label": "Open Sans Semi-Bold",
            "group": "Sans-serif | Google Web Fonts"
          },
          {
            "value": "Google_PT+Sans_400_sans",
            "label": "PT Sans",
            "group": "Sans-serif | Google Web Fonts"
          },
          {
            "value": "Google_Roboto_500_sans",
            "label": "Roboto Semi-Bold",
            "group": "Sans-serif | Google Web Fonts"
          },
          {
            "value": "Google_Ubuntu_400_sans",
            "label": "Ubuntu",
            "group": "Sans-serif | Google Web Fonts"
          },
          {
            "value": "'Big Caslon', 'Book Antiqua', 'Palatino Linotype', Georgia, serif",
            "label": "Big Calson",
            "group": "Serif"
          },
          {
            "value": "'Calisto MT', 'Bookman Old Style', Bookman, 'Goudy Old Style', Garamond, 'Hoefler Text', 'Bitstream Charter', Georgia, serif",
            "label": "Calisto MT",
            "group": "Serif"
          },
          {
            "value": "Baskerville, 'Baskerville Old Face', 'Hoefler Text', Garamond, 'Times New Roman', serif",
            "label": "Baskerville",
            "group": "Serif"
          },
          {
            "value": "Garamond, Baskerville, 'Baskerville Old Face', 'Hoefler Text', 'Times New Roman', serif",
            "label": "Garamond",
            "group": "Serif"
          },
          {
            "value": "TimesNewRoman, 'Times New Roman', Times, Baskerville, Georgia, serif",
            "label": "Times New Roman",
            "group": "Serif"
          },
          {
            "value": "Google_Arvo_400_serif",
            "label": "Arvo",
            "group": "Serif | Google Web Fonts"
          },
          {
            "value": "Google_Crimson+Text_600_serif",
            "label": "Crimson Text Semi-Bold",
            "group": "Serif | Google Web Fonts"
          },
          {
            "value": "Google_Droid+Serif_400_serif",
            "label": "Droid Serif",
            "group": "Serif | Google Web Fonts"
          },
          {
            "value": "Google_Lora_400_serif",
            "label": "Lora",
            "group": "Serif | Google Web Fonts"
          },
          {
            "value": "Google_PT+Serif_400_serif",
            "label": "PT Serif",
            "group": "Serif | Google Web Fonts"
          }
        ]
      },
      {
        "type": "select",
        "id": "type_navigation_size",
        "label": "Main menu font size",
        "options": [
          {
            "value": "14px",
            "label": "14px"
          },
          {
            "value": "15px",
            "label": "15px"
          },
          {
            "value": "16px",
            "label": "16px"
          },
          {
            "value": "17px",
            "label": "17px"
          },
          {
            "value": "18px",
            "label": "18px"
          },
          {
            "value": "19px",
            "label": "19px"
          }
        ]
      },
      {
        "type": "checkbox",
        "id": "type_navigation_transform",
        "label": "Capitalize main menu items"
      },
      {
        "type": "select",
        "id": "type_button_size",
        "label": "Button font size",
        "options": [
          {
            "value": "14px",
            "label": "14px"
          },
          {
            "value": "15px",
            "label": "15px"
          },
          {
            "value": "16px",
            "label": "16px"
          },
          {
            "value": "17px",
            "label": "17px"
          },
          {
            "value": "18px",
            "label": "18px"
          }
        ]
      },
      {
        "type": "checkbox",
        "id": "type_button_transform",
        "label": "Capitalize buttons"
      }
    ]
  },
  {
    "name": "Header",
    "settings": [
      {
        "type": "header",
        "content": "Logo"
      },
      {
        "type": "checkbox",
        "id": "logo_use_image",
        "label": "Use a custom logo"
      },
      {
        "type": "image",
        "id": "logo.png",
        "label": "Custom logo",
        "max-width": 800,
        "max-height": 400,
        "info": "400px wide .png recommended"
      },
      {
        "type": "text",
        "id": "logo_max_width",
        "label": "Custom logo width",
        "default": "305",
        "info": "Defines the CSS max-width in pixels"
      },
      {
        "type": "header",
        "content": "Favicon"
      },
      {
        "type": "checkbox",
        "id": "favicon_enable",
        "label": "Use a custom icon"
      },
      {
        "type": "image",
        "id": "favicon.png",
        "label": "Custom favicon",
        "max-width": 16,
        "max-height": 16,
        "info": "16 x 16px .png required"
      },
      {
        "type": "header",
        "content": "Message"
      },
      {
        "type": "text",
        "id": "header_message",
        "label": "Text",
        "info": "55 characters max"
      }
    ]
  },
  {
    "name": "Footer",
    "settings": [
      {
        "type": "header",
        "content": "Footer menu"
      },
      {
        "type": "checkbox",
        "id": "footer_quicklinks_enable",
        "label": "Show footer menu"
      },
      {
        "type": "link_list",
        "id": "footer_quicklinks_linklist",
        "label": "Footer menu link list"
      },
      {
        "type": "header",
        "content": "Contact information"
      },
      {
        "type": "checkbox",
        "id": "footer_content_enable",
        "label": "Show footer contact info"
      },
      {
        "type": "textarea",
        "id": "footer_content_text",
        "label": "Contact text",
        "info": "Use basic HTML to format text"
      },
      {
        "type": "checkbox",
        "id": "footer_social_enable",
        "label": "Show social media icons"
      },
      {
        "type": "text",
        "id": "social_twitter_link",
        "label": "Twitter",
        "info": "https:\/\/twitter.com\/shopify"
      },
      {
        "type": "text",
        "id": "social_facebook_link",
        "label": "Facebook",
        "info": "https:\/\/facebook.com\/shopify"
      },
      {
        "type": "text",
        "id": "social_pinterest_link",
        "label": "Pinterest",
        "info": "https:\/\/pinterest.com\/shopify"
      },
      {
        "type": "text",
        "id": "social_google_plus_link",
        "label": "Google+",
        "info": "https:\/\/plus.google.com\/+shopify"
      },
      {
        "type": "text",
        "id": "social_instagram_link",
        "label": "Instagram",
        "info": "https:\/\/instagram.com\/shopify"
      },
      {
        "type": "text",
        "id": "social_tumblr_link",
        "label": "Tumblr",
        "info": "https:\/\/www.tumblr.com"
      },
      {
        "type": "text",
        "id": "social_youtube_link",
        "label": "YouTube",
        "info": "https:\/\/www.youtube.com\/shopify"
      },
      {
        "type": "text",
        "id": "social_vimeo_link",
        "label": "Vimeo",
        "info": "https:\/\/vimeo.com\/shopify"
      },
      {
        "type": "text",
        "id": "social_fancy_link",
        "label": "Fancy",
        "info": "http:\/\/fancy.com\/shopify"
      },
      {
        "type": "header",
        "content": "Newsletter"
      },
      {
        "type": "checkbox",
        "id": "footer_newsletter_enable",
        "label": "Show newsletter sign-up"
      },
      {
        "type": "text",
        "id": "mailing_list_form_action",
        "label": "MailChimp form action URL",
        "info": "[Find your MailChimp form action URL](https://docs.shopify.com/manual/configuration/store-customization/communicating-with-customers/accounts-and-newsletters/get-a-mailchimp-form-action-url/)."
      },
      {
        "type": "checkbox",
        "id": "footer_legallinks_enable",
        "label": "Show legal links in bottom bar"
      },
      {
        "type": "link_list",
        "id": "footer_legallinks_linklist",
        "label": "Legal link list"
      }
    ]
  },
  {
    "name": "Home page",
    "settings": [
      {
        "type": "header",
        "content": "Slideshow"
      },
      {
        "type": "header",
        "content": "Options"
      },
      {
        "type": "checkbox",
        "id": "slider_home_enable",
        "label": "Enable slideshow"
      },
      {
        "type": "checkbox",
        "id": "slider_home_auto",
        "label": "Auto-rotate slides"
      },
      {
        "type": "select",
        "id": "slider_home_rate",
        "label": "Transition time",
        "options": [
          {
            "value": "5000",
            "label": "5 seconds"
          },
          {
            "value": "7000",
            "label": "7 seconds"
          },
          {
            "value": "10000",
            "label": "10 seconds"
          },
          {
            "value": "15000",
            "label": "15 seconds"
          }
        ]
      },
      {
        "type": "header",
        "content": "Slide 1"
      },
      {
        "type": "checkbox",
        "id": "slide_1",
        "label": "Enable"
      },
      {
        "type": "image",
        "id": "slide_1.jpg",
        "max-width": 1000,
        "label": "Image",
        "info":"1000 x 500px recommended"
      },
      {
        "type": "text",
        "id": "slide_1_link",
        "label": "Link URL"
      },
      {
        "type": "text",
        "id": "slide_1_alt",
        "label": "Alt Text"
      },
      {
        "type": "header",
        "content": "Slide 2"
      },
      {
        "type": "checkbox",
        "id": "slide_2",
        "label": "Enable"
      },
      {
        "type": "image",
        "id": "slide_2.jpg",
        "max-width": 1000,
        "label": "Image",
        "info":"1000 x 500px recommended"
      },
      {
        "type": "text",
        "id": "slide_2_link",
        "label": "Link URL"
      },
      {
        "type": "text",
        "id": "slide_2_alt",
        "label": "Alt Text"
      },
      {
        "type": "header",
        "content": "Slide 3"
      },
      {
        "type": "checkbox",
        "id": "slide_3",
        "label": "Enable"
      },
      {
        "type": "image",
        "id": "slide_3.jpg",
        "max-width": 1000,
        "label": "Image",
        "info":"1000 x 500px recommended"
      },
      {
        "type": "text",
        "id": "slide_3_link",
        "label": "Link URL"
      },
      {
        "type": "text",
        "id": "slide_3_alt",
        "label": "Alt Text"
      },
      {
        "type": "header",
        "content": "Slide 4"
      },
      {
        "type": "checkbox",
        "id": "slide_4",
        "label": "Enable"
      },
      {
        "type": "image",
        "id": "slide_4.jpg",
        "max-width": 1000,
        "label": "Image",
        "info":"1000 x 500px recommended"
      },
      {
        "type": "text",
        "id": "slide_4_link",
        "label": "Link URL"
      },
      {
        "type": "text",
        "id": "slide_4_alt",
        "label": "Alt Text"
      },
      {
        "type": "header",
        "content": "Slide 5"
      },
      {
        "type": "checkbox",
        "id": "slide_5",
        "label": "Enable"
      },
      {
        "type": "image",
        "id": "slide_5.jpg",
        "max-width": 1000,
        "label": "Image",
        "info":"1000 x 500px recommended"
      },
      {
        "type": "text",
        "id": "slide_5_link",
        "label": "Link URL"
      },
      {
        "type": "text",
        "id": "slide_5_alt",
        "label": "Alt Text"
      },
      {
        "type": "header",
        "content": "Slide 6"
      },
      {
        "type": "checkbox",
        "id": "slide_6",
        "label": "Enable"
      },
      {
        "type": "image",
        "id": "slide_6.jpg",
        "max-width": 1000,
        "label": "Image",
        "info":"1000 x 500px recommended"
      },
      {
        "type": "text",
        "id": "slide_6_link",
        "label": "Link URL"
      },
      {
        "type": "text",
        "id": "slide_6_alt",
        "label": "Alt Text"
      },
      {
        "type": "header",
        "content": "Content"
      },
      {
        "type": "page",
        "id": "home_content",
        "label": "Add this page content to the home page:"
      },
      {
        "type": "header",
        "content": "Featured collections"
      },
      {
        "type": "checkbox",
        "id": "home_featured_collections_enable",
        "label": "Enable",
        "info": "Show up to six featured collections"
      },
      {
        "type": "radio",
        "id": "home_featured_collections_sort",
        "label": "Choose collections",
        "options": [
          {
            "value": "auto",
            "label": "Automatically"
          },
          {
            "value": "manual",
            "label": "Manually:"
          }
        ]
      },
      {
        "type": "collection",
        "id": "collection_1"
      },
      {
        "type": "collection",
        "id": "collection_2"
      },
      {
        "type": "collection",
        "id": "collection_3"
      },
      {
        "type": "collection",
        "id": "collection_4"
      },
      {
        "type": "collection",
        "id": "collection_5"
      },
      {
        "type": "collection",
        "id": "collection_6"
      },
      {
        "type": "header",
        "content": "Featured collection rows"
      },
      {
        "type": "checkbox",
        "id": "home_featured_row1_enable",
        "label": "Enable row 1"
      },
      {
        "type": "collection",
        "id": "home_featured_row1",
        "label": "Collection"
      },
      {
        "type": "select",
        "id": "home_featured_row1_number",
        "label": "Number of rows",
        "options": [
          {
            "value": "1",
            "label": "1"
          },
          {
            "value": "2",
            "label": "2"
          },
          {
            "value": "3",
            "label": "3"
          },
          {
            "value": "4",
            "label": "4"
          }
        ],
        "info": "5 per line"
      },
      {
        "type": "checkbox",
        "id": "home_featured_row2_enable",
        "label": "Enable row 2"
      },
      {
        "type": "collection",
        "id": "home_featured_row2",
        "label": "Collection"
      },
      {
        "type": "select",
        "id": "home_featured_row2_number",
        "label": "Number of rows",
        "options": [
          {
            "value": "1",
            "label": "1"
          },
          {
            "value": "2",
            "label": "2"
          },
          {
            "value": "3",
            "label": "3"
          },
          {
            "value": "4",
            "label": "4"
          }
        ],
        "info": "5 per line"
      },
      {
        "type": "checkbox",
        "id": "home_featured_row3_enable",
        "label": "Enable row 3"
      },
      {
        "type": "collection",
        "id": "home_featured_row3",
        "label": "Collection"
      },
      {
        "type": "select",
        "id": "home_featured_row3_number",
        "label": "Number of rows",
        "options": [
          {
            "value": "1",
            "label": "1"
          },
          {
            "value": "2",
            "label": "2"
          },
          {
            "value": "3",
            "label": "3"
          },
          {
            "value": "4",
            "label": "4"
          }
        ],
        "info": "5 per line"
      },
      {
        "type": "checkbox",
        "id": "home_featured_row4_enable",
        "label": "Enable row 4"
      },
      {
        "type": "collection",
        "id": "home_featured_row4",
        "label": "Collection"
      },
      {
        "type": "select",
        "id": "home_featured_row4_number",
        "label": "Number of rows",
        "options": [
          {
            "value": "1",
            "label": "1"
          },
          {
            "value": "2",
            "label": "2"
          },
          {
            "value": "3",
            "label": "3"
          },
          {
            "value": "4",
            "label": "4"
          }
        ],
        "info": "5 per line"
      }
    ]
  },
  {
    "name": "Product page",
    "settings": [
      {
        "type": "checkbox",
        "id": "product_image_zoom_enable",
        "label": "Enable image zoom"
      },
      {
        "type": "checkbox",
        "id": "product_quantity_enable",
        "label": "Show quantity selector"
      },
      {
        "type": "checkbox",
        "id": "product_quantity_message",
        "label": "Show remaining quantity message",
        "info": "Shown when less than 10 items are in stock"
      },
      {
        "type": "checkbox",
        "id": "product_vendor_enable",
        "label": "Show product vendor"
      },
      {
        "type": "checkbox",
        "id": "related_products_enable",
        "label": "Show related products"
      },
      {
        "type": "checkbox",
        "id": "product_reviews_enable",
        "label": "Enable product reviews",
        "info": "Install the free Shopify [Product Reviews](https:\/\/apps.shopify.com\/product-reviews) app to add product reviews."
      },
      {
        "type": "color",
        "id": "product_reviews_star_color",
        "label": "Star color",
        "default": "#e5c649",
        "info": "This selection overrides your product review app settings."
      }
    ]
  },
  {
    "name": "Collection page",
    "settings": [
      {
        "type": "select",
        "id": "collection_prod_image_sizes",
        "label": "Product image size",
        "options": [
          {
            "value": "compact",
            "label": "Small"
          },
          {
            "value": "large",
            "label": "Medium (default)"
          }
        ]
      },
      {
        "type": "radio",
        "id": "collection_sidebar_filters",
        "label": "Sidebar product filters",
        "options": [
          {
            "value": "tags",
            "label": "By tag"
          },
          {
            "value": "groups",
            "label": "By group"
          }
        ],
        "info": "[Learn how to set up filter groups](https:\/\/\/docs.shopify.com\/manual\/more\/official-shopify-themes\/supply#enable-group-filtering)."
      }
    ]
  },
  {
    "name": "Cart page",
    "settings": [
      {
        "type": "checkbox",
        "id": "cart_notes_enable",
        "label": "Enable order notes"
      },
      {
        "type": "select",
        "id": "ajax_cart_method",
        "label": "Cart type",
        "options": [
          {
            "value": "drawer",
            "label": "Drawer"
          },
          {
            "value": "page",
            "label": "Page"
          },
          {
            "value": "flip",
            "label": "Flip"
          },
          {
            "value": "modal",
            "label": "Modal"
          }
        ]
      }
    ]
  },
  {
    "name": "Social media",
    "settings": [
      {
        "type": "header",
        "content": "Sharing"
      },
      {
        "type": "text",
        "id": "twittercard_handle",
        "label": "Twitter handle",
        "info": "@shopify"
      },
      {
        "type": "checkbox",
        "id": "social_sharing_products",
        "label": "Enable product sharing"
      },
      {
        "type": "checkbox",
        "id": "social_sharing_blog",
        "label": "Enable blog post sharing"
      },
      {
        "type": "checkbox",
        "id": "social_sharing_count",
        "label": "Show number of shares",
        "info": "Available for Facebook, Twitter, and Pinterest."
      },
      {
        "type": "select",
        "id": "social_sharing_style",
        "label": "Button style",
        "options": [
          {
            "value": "is-default",
            "label": "Normal"
          },
          {
            "value": "is-large",
            "label": "Large"
          },
          {
            "value": "is-clean",
            "label": "Clean"
          }
        ]
      },
      {
        "type": "checkbox",
        "id": "share_facebook",
        "label": "Share on Facebook"
      },
      {
        "type": "checkbox",
        "id": "share_twitter",
        "label": "Tweet on Twitter"
      },
      {
        "type": "checkbox",
        "id": "share_pinterest",
        "label": "Pin on Pinterest"
      },
      {
        "type": "checkbox",
        "id": "share_fancy",
        "label": "Add to Fancy"
      },
      {
        "type": "checkbox",
        "id": "share_google",
        "label": "+1 on Google Plus"
      }
    ]
  },
  {
    "name": "Price format",
    "settings": [
      {
        "type": "checkbox",
        "id": "show_dollar_symbol",
        "label": "Show dollar sign"
      },
      {
        "type": "checkbox",
        "id": "superscript_decimals",
        "label": "Show cents as superscript"
      }
    ]
  }
]