{"current":{"background_color":"#e6ebeb","text_color":"#555555","link_color":"#b5792b","base_font_family":"'Source Sans Pro', sans-serif","base_font_size":"16px","use_logo":true,"facebook_url":"https:\/\/www.facebook.com\/shopify","twitter_url":"https:\/\/twitter.com\/shopify","pinterest_url":"http:\/\/pinterest.com\/shopify\/","googleplus_url":"","flickr_url":"","instagram_url":"http:\/\/instagram.com\/shopify","linkedin_url":"","vimeo_url":"http:\/\/vimeo.com\/shopify","youtube_url":"https:\/\/www.youtube.com\/user\/shopify","tumblr_url":"","wordpress_url":"","yelp_url":"","contact_email":"","featured_blog":"news","social_icons_style":"","homepage_page":"frontpage","homepage_collection":"","news_heading":"Newsletter","news_subheading":"Stay up to date with our latest offers and news","btn_text":"Submit","btn_col":"#bdcd6d","btn_col_text":"#324706","homepage_collection_pciker":"shopify:\/\/shop_images\/wallpaper.wiki-Funky-HD-Wallpaper-PIC-WPD004578_copy40.jpg","products_per_row":"3","number_of_rows":"4","checkout_header_image":"","checkout_use_storefront_logo":false,"checkout_logo_image":"","checkout_logo_position":"left","checkout_logo_size":"medium","checkout_body_background_image":"","checkout_body_background_color":"#fff","checkout_input_background_color_mode":"white","checkout_sidebar_background_image":"","checkout_sidebar_background_color":"#fafafa","checkout_heading_font":"Helvetica Neue","checkout_body_font":"Helvetica Neue","checkout_accent_color":"#1990c6","checkout_button_color":"#1990c6","checkout_error_color":"#ff6d6d","checkout_use_header_image":false,"checkout_logo":"","checkout_use_body_background_image":false,"checkout_use_sidebar_background_image":false,"customer_layout":"theme","sections":{"Slideshow":{"type":"Slideshow","blocks":{"1540074387756":{"type":"block-1","settings":{"slide":"shopify:\/\/shop_images\/d0b3eb357b7eccbce4dd83d2b27951ea.jpg","slid_ulr":"shopify:\/\/collections\/dragon-majesty"}},"1540074439805":{"type":"block-1","settings":{"slide":"shopify:\/\/shop_images\/banner_lost_thunder_4368_grande_1e748f33-f028-4630-ae89-3949fa81fa18.jpg","slid_ulr":"shopify:\/\/collections\/lost-thunder"}}},"block_order":["1540074387756","1540074439805"],"settings":{}},"Section-three":{"type":"Section-three","blocks":{"1540079039951":{"type":"logo_image","settings":{"cartimage":"shopify:\/\/shop_images\/Pokemon-Logo.jpg","link":"shopify:\/\/collections\/pokemon-card-games"}},"1540079092908":{"type":"logo_image","settings":{"cartimage":"shopify:\/\/shop_images\/Yu-Gi-Oh_TCG_new_logo.jpg","link":"shopify:\/\/collections\/yugioh-card-games"}},"1540079097146":{"type":"logo_image","settings":{"cartimage":"shopify:\/\/shop_images\/gelfiue.ubkvs7609.png","link":"shopify:\/\/collections\/dragon-ball-card-games"}},"1540079103654":{"type":"logo_image","settings":{"cartimage":"shopify:\/\/shop_images\/gh3o17gfwl9qgfiuqhfiqeu.png","link":"shopify:\/\/collections\/final-fantasy"}},"1540079087316":{"type":"logo_image","settings":{"cartimage":"shopify:\/\/shop_images\/MTGlogo-font.jpg","link":"shopify:\/\/collections\/mtg-card-games"}},"1540263900530":{"type":"logo_image","settings":{"cartimage":"shopify:\/\/shop_images\/fwhqfiuwvhbakjd.png","link":"shopify:\/\/collections\/vanguard"}},"1540079111448":{"type":"logo_image","settings":{"cartimage":"shopify:\/\/shop_images\/4398468.43152.png","link":"shopify:\/\/collections\/force-of-will"}},"1540263846676":{"type":"logo_image","settings":{"cartimage":"shopify:\/\/shop_images\/hvwq78lftwiqgfiwgcqas.png","link":"shopify:\/\/collections\/weiss-schwarz"}}},"block_order":["1540079039951","1540079092908","1540079097146","1540079103654","1540079087316","1540263900530","1540079111448","1540263846676"],"settings":{"textid":"Trading Card Games","SubHeading":"View All Trading Card Games","urls":"shopify:\/\/collections\/tcg-games-all","Menus":"trading-cards"}},"Section_two":{"type":"Section_two","blocks":{"1540079718280":{"type":"logo_image","settings":{"cartimage1":"shopify:\/\/shop_images\/ultraprologo_l.jpg","link1":"shopify:\/\/collections\/ultra-pro"}},"1540079731816":{"type":"logo_image","settings":{"cartimage1":"shopify:\/\/shop_images\/qp71vIbn.jpg","link1":"shopify:\/\/collections\/ultimate-guard"}},"1540079744241":{"type":"logo_image","settings":{"cartimage1":"shopify:\/\/shop_images\/ECzRTBHd_400x400_29591ae2-08ff-42c2-90aa-5edb7f3376b3.jpeg","link1":"shopify:\/\/collections\/bcw"}},"1540079750032":{"type":"logo_image","settings":{"cartimage1":"shopify:\/\/shop_images\/DragonShield_N.JPG","link1":"shopify:\/\/collections\/dragon-shield"}},"1540265121689":{"type":"logo_image","settings":{"cartimage1":"shopify:\/\/shop_images\/FFG_2007_logo.jpg","link1":"shopify:\/\/collections\/fantasy-flight"}}},"block_order":["1540079718280","1540079731816","1540079744241","1540079750032","1540265121689"],"settings":{"textid1":"Card accessories","SubHeading1":"View All Card Accessories","urls1":"shopify:\/\/collections\/accessories-all","Menus1":"accessories"}},"Living_card":{"type":"Living_card","blocks":{"1540259339850":{"type":"logo_image","settings":{"cartimage3":"shopify:\/\/shop_images\/vbqeiyfgwqk.png","link3":"shopify:\/\/collections\/catan-board-games"}},"1540259352778":{"type":"logo_image","settings":{"cartimage3":"shopify:\/\/shop_images\/vbqeiyfgwqk.png","link3":"shopify:\/\/collections\/trivial-pursuit-board-games"}},"1540259359584":{"type":"logo_image","settings":{"cartimage3":"shopify:\/\/shop_images\/vbqeiyfgwqk.png","link3":"shopify:\/\/collections\/carcassonne-board-games"}},"1540259370836":{"type":"logo_image","settings":{"cartimage3":"shopify:\/\/shop_images\/vbqeiyfgwqk.png","link3":"shopify:\/\/collections\/dominion-board-games"}},"1540259410366":{"type":"logo_image","settings":{"cartimage3":"shopify:\/\/shop_images\/vbqeiyfgwqk.png","link3":"shopify:\/\/collections\/monopoly-board-game"}},"1540259417825":{"type":"logo_image","settings":{"cartimage3":"shopify:\/\/shop_images\/vbqeiyfgwqk.png","link3":"shopify:\/\/collections\/munchkin-board-games"}},"1540259423045":{"type":"logo_image","settings":{"cartimage3":"shopify:\/\/shop_images\/vbqeiyfgwqk.png","link3":"shopify:\/\/collections\/arkham-horror-board-games"}},"1540259427567":{"type":"logo_image","settings":{"cartimage3":"shopify:\/\/shop_images\/vbqeiyfgwqk.png","link3":"shopify:\/\/collections\/eldritch-horror-board-games"}}},"block_order":["1540259339850","1540259352778","1540259359584","1540259370836","1540259410366","1540259417825","1540259423045","1540259427567"],"settings":{"textid3":"Classic Board Games","SubHeading3":"View All Classic Board Games","urls3":"shopify:\/\/collections\/board-games-all","Menus3":"strategy-board-games"}},"Fonco":{"type":"Fonco","blocks":{"1540260785108":{"type":"logo_image","settings":{"cartimage4":"shopify:\/\/shop_images\/action-figures.jpg","link4":""}},"1540260795319":{"type":"logo_image","settings":{"cartimage4":"shopify:\/\/shop_images\/dorbz.jpg","link4":""}},"1540260803008":{"type":"logo_image","settings":{"cartimage4":"shopify:\/\/shop_images\/mystery-minis.jpg","link4":""}},"1540260809994":{"type":"logo_image","settings":{"cartimage4":"shopify:\/\/shop_images\/mystery-minis.jpg","link4":""}},"1540260814763":{"type":"logo_image","settings":{"cartimage4":"shopify:\/\/shop_images\/dorbz.jpg","link4":""}},"1540260818963":{"type":"logo_image","settings":{"cartimage4":"shopify:\/\/shop_images\/action-figures.jpg","link4":""}},"1540260823300":{"type":"logo_image","settings":{"cartimage4":"shopify:\/\/shop_images\/8-bit.jpg","link4":""}},"1540260868632":{"type":"logo_image","settings":{"cartimage4":"shopify:\/\/shop_images\/dorbz.jpg","link4":""}}},"block_order":["1540260785108","1540260795319","1540260803008","1540260809994","1540260814763","1540260818963","1540260823300","1540260868632"],"settings":{"textid4":"Board Games","SubHeading4":"View all Funko","urls4":"shopify:\/\/pages\/board-games","Menus4":"accessories","back":"shopify:\/\/shop_images\/8-bit.jpg"}},"Card_Games":{"type":"Card_Games","blocks":{"1540261150992":{"type":"logo_image","settings":{"cartimage5":"shopify:\/\/shop_images\/a_game_of_thrones_lcg_2nd_edition.jpg","link5":"shopify:\/\/collections\/a-game-of-thrones-card-games"}},"1540261178107":{"type":"logo_image","settings":{"cartimage5":"shopify:\/\/shop_images\/arkham-horror-the-card-game-the-forgotten-age-expansion.jpg","link5":"shopify:\/\/collections\/arkham-horror-card-games"}},"1540261198380":{"type":"logo_image","settings":{"cartimage5":"shopify:\/\/shop_images\/android-netrunner.jpg","link5":"shopify:\/\/collections\/android-netrunner-card-games"}},"1540261186574":{"type":"logo_image","settings":{"cartimage5":"shopify:\/\/shop_images\/covers_3991.jpg","link5":"shopify:\/\/collections\/legend-of-the-five-rings-card-games"}},"1542285353132":{"type":"logo_image","settings":{"cartimage5":"shopify:\/\/shop_images\/lord_of_the_rings_lcg_9537eda8-fc64-4189-a35c-e878bde543a7.jpg","link5":"shopify:\/\/collections\/lord-of-the-rings-card-games"}},"1542285366491":{"type":"logo_image","settings":{"cartimage5":"shopify:\/\/shop_images\/sw_card_700x_c7350fd0-5282-49a5-b1ab-54c489ef1551.png","link5":"shopify:\/\/collections\/star-wars-card-games"}}},"block_order":["1540261150992","1540261178107","1540261198380","1540261186574","1542285353132","1542285366491"],"settings":{"textid5":"Living Card Games","SubHeading5":"View all Living Card Games","urls5":"shopify:\/\/collections\/card-games-all","Menus5":"living-card-games"}},"Logos":{"type":"Logos","blocks":{"1540262488623":{"type":"logo_image","settings":{"logos":"shopify:\/\/shop_images\/2ed8fc5a-4d57-4178-8852-1a795d3a8046_2.157f21eaa92ecc24443182496bebd55a.jpeg","logoslink5":"shopify:\/\/collections\/dungeons-and-dragons"}},"1540262497398":{"type":"logo_image","settings":{"logos":"shopify:\/\/shop_images\/2ed8fc5a-4d57-4178-8852-1a795d3a8046_2.157f21eaa92ecc24443182496bebd55a.jpeg","logoslink5":"shopify:\/\/collections\/star-wars-x-wing"}},"1540262507946":{"type":"logo_image","settings":{"logos":"shopify:\/\/shop_images\/vfwfqevwfeqvwffes.jpg","logoslink5":"shopify:\/\/products\/codenames-czech-games-edition"}},"1540262512590":{"type":"logo_image","settings":{"logos":"shopify:\/\/shop_images\/fktql7gfeg8gwduqv_so.fhwqkebvds.jpg","logoslink5":"shopify:\/\/products\/dead-of-winter-a-crossroads-game"}}},"block_order":["1540262488623","1540262497398","1540262507946","1540262512590"],"settings":{}},"Blog-section":{"type":"Blog-section","settings":{"textid":"","Headinglink":"shopify:\/\/collections\/all","blogid":"news"}},"Feature_content":{"type":"Feature_content","settings":{"headings":"Welcome to Gamerholic","frst":"Gamerholic is an Australian online store based in NSW and founded in 2015. We sell discounted Trading Card Products, Card Accessories and Board Games at the best prices. Our products are all genuine and received from licensed distributors in Australia or overseas.\n\nWe currently distribute over 4000+ products across the store and looking to expand further in the near future. We’re dedicated in brining you the best products at the most affordable prices. All our prices are in Australian Dollars and our delivery times are very reasonable. For more information about how long it may take for you to receive your order, <a href=\"https:\/\/gamerholic.com.au\/pages\/shipping-information\" title=\"Shipping Information\">click here<\/a>.","Second":"Just a little bit of a background on where we stared. We’ve initially started selling Yugioh and since then we have branched out to all sort of card games and board games. We are currently based in Sydney but that doesn’t stop us from making thousands of happy customers who shop with us in Australia &amp; New Zealand. \n\nWe do a flat shipping of $10 to Australia Wide. All orders are packed instantly where possible. At Gamerholic we always look for the very latest and upcoming products. If there are any products you would like to see us stock please send us a suggestion on Facebook – Gamerholic AU."}},"featured_collection":{"type":"featured_collection","settings":{"title":"Featured Collection","collection":"sale"}}},"content_for_index":[]},"presets":{"Slate":{"customer_layout":"theme","background_color":"#e6ebeb","text_color":"#555555","link_color":"#b5792b","facebook_url":"https:\/\/www.facebook.com\/shopify","twitter_url":"https:\/\/twitter.com\/shopify","pinterest_url":"http:\/\/pinterest.com\/shopify\/","instagram_url":"http:\/\/instagram.com\/shopify","vimeo_url":"http:\/\/vimeo.com\/shopify","youtube_url":"https:\/\/www.youtube.com\/user\/shopify","social_icons_style":"","use_logo":false,"base_font_size":"16px","base_font_family":"'Source Sans Pro', sans-serif","featured_blog":"news","homepage_page":"frontpage","homepage_collection":"frontpage","products_per_row":"3","number_of_rows":"4"}}}