{"current":{"color_primary":"#242218","color_secondary":"#5aa1ec","color_accent":"#dde952","color_body_bg":"#ffffff","color_borders":"#ffe245","color_header_background":"#ffffff","color_header_text":"#000000","color_header_cart_search":"#dedede","color_nav_bg":"#ffffff","color_nav_text":"#000000","color_body_text":"#2b1b1b","color_heading_text":"#000000","color_footer_bg":"#e9e9e9","color_footer_text":"#000000","color_footer_social_link":"#161616","type_base_family":"Google_Droid+Sans_400,700_sans","type_base_size":"15px","type_header_family":"Google_Droid+Sans_400_sans","type_header_transform":true,"type_accent_family":"Google_Droid+Sans_400_sans","type_navigation_size":"15px","type_navigation_transform":true,"type_button_size":"14px","type_button_transform":true,"logo_use_image":true,"logo_max_width":"500","favicon_enable":true,"header_message":"","footer_quicklinks_enable":true,"footer_quicklinks_linklist":"footer","footer_content_enable":false,"footer_content_text":"","footer_social_enable":false,"social_twitter_link":"","social_facebook_link":"","social_pinterest_link":"","social_google_plus_link":"","social_instagram_link":"","social_tumblr_link":"","social_youtube_link":"","social_vimeo_link":"","social_fancy_link":"","footer_newsletter_enable":true,"mailing_list_form_action":"\/\/nngames.us12.list-manage.com\/subscribe\/post?u=6ef1eff3b9a70a74900233271&amp;id=d0c6c279de","footer_legallinks_enable":true,"footer_legallinks_linklist":"","slider_home_enable":true,"slider_home_auto":true,"slider_home_rate":"7000","slide_1":true,"slide_1_link":"\/admin\/themes\/current\/settings","slide_1_alt":"","slide_2":true,"slide_2_link":"\/admin\/themes\/current\/settings","slide_2_alt":"","slide_3":true,"slide_3_link":"","slide_3_alt":"","slide_4":false,"slide_4_link":"","slide_4_alt":"","slide_5":false,"slide_5_link":"","slide_5_alt":"","slide_6":false,"slide_6_link":"","slide_6_alt":"","home_content":"","home_featured_collections_enable":false,"home_featured_collections_sort":"auto","collection_1":"toys-accessories","collection_2":"collectables-trading-cards","collection_3":"pokemon","collection_4":"","collection_5":"","collection_6":"","home_featured_row1_enable":true,"home_featured_row1":"yu-gi-oh-individual-cards","home_featured_row1_number":"1","home_featured_row2_enable":true,"home_featured_row2":"toys-accessories","home_featured_row2_number":"1","home_featured_row3_enable":true,"home_featured_row3":"pokemon-individual-cards","home_featured_row3_number":"1","home_featured_row4_enable":false,"home_featured_row4":"","home_featured_row4_number":"1","product_image_zoom_enable":false,"product_quantity_enable":true,"product_quantity_message":true,"product_vendor_enable":true,"related_products_enable":true,"product_reviews_enable":false,"product_reviews_star_color":"#e5c649","collection_prod_image_sizes":"large","collection_sidebar_filters":"tags","cart_notes_enable":true,"ajax_cart_method":"modal","twittercard_handle":"","social_sharing_products":true,"social_sharing_blog":true,"social_sharing_count":true,"social_sharing_style":"is-default","share_facebook":true,"share_twitter":true,"share_pinterest":true,"share_fancy":true,"share_google":true,"show_dollar_symbol":true,"superscript_decimals":true,"checkout_use_header_image":false,"checkout_logo":"logo.png","checkout_use_storefront_logo":"true","checkout_logo_image":"shopify:\/\/shop_images\/checkout_logo_11.png","checkout_logo_position":"center","checkout_logo_size":"large","checkout_use_body_background_image":false,"checkout_body_background_color":"#fff","checkout_input_background_color_mode":"white","checkout_use_sidebar_background_image":false,"checkout_sidebar_background_color":"#fafafa","checkout_heading_font":"Helvetica Neue","checkout_body_font":"Helvetica Neue","checkout_accent_color":"#1990C6","checkout_button_color":"#1990C6","checkout_error_color":"#ff6d6d","remove_dollar_symbol":false},"presets":{"Blue":{"ajax_cart_method":"modal","cart_notes_enable":false,"collection_prod_image_sizes":"large","collection_sidebar_filters":"tags","color_accent":"#ffea00","color_body_bg":"#fff","color_body_text":"#585858","color_borders":"#ececec","color_footer_bg":"#f2f2f2","color_footer_social_link":"#bbbbbb","color_footer_text":"#636363","color_header_background":"#204a80","color_header_cart_search":"#1c4170","color_header_text":"#fff","color_heading_text":"#000","color_nav_bg":"#000","color_nav_text":"#fff","color_primary":"#204a80","color_secondary":"#dcdcdc","favicon_enable":false,"footer_content_enable":true,"footer_legallinks_enable":true,"footer_newsletter_enable":true,"footer_quicklinks_enable":true,"footer_quicklinks_linklist":"footer","footer_social_enable":true,"home_featured_collections_enable":true,"home_featured_collections_sort":"auto","home_featured_row1":"frontpage","home_featured_row1_enable":true,"home_featured_row2_enable":false,"home_featured_row3_enable":false,"home_featured_row4_enable":false,"home_content":"","logo_max_width":"305","logo_use_image":false,"product_image_zoom_enable":false,"product_quantity_enable":false,"product_reviews_enable":false,"product_quantity_message":true,"product_vendor_enable":false,"related_products_enable":true,"share_facebook":true,"share_fancy":true,"share_google":true,"share_pinterest":true,"share_twitter":true,"slide_1":true,"slide_1_link":"\/admin\/themes\/current\/settings","slide_2":true,"slide_2_link":"\/admin\/themes\/current\/settings","slider_home_auto":true,"slider_home_enable":true,"slider_home_rate":"7000","social_facebook_link":"","social_fancy_link":"","social_google_plus_link":"","social_instagram_link":"","social_pinterest_link":"","social_sharing_blog":true,"social_sharing_count":true,"social_sharing_products":true,"social_sharing_style":"is-normal","social_tumblr_link":"","social_twitter_link":"","social_vimeo_link":"","social_youtube_link":"","twittercard_handle":"","type_accent_family":"Google_Dosis_600_sans","type_base_family":"'HelveticaNeue', 'Helvetica Neue', Helvetica, Arial, sans-serif","type_base_size":"15px","type_button_size":"17px","type_button_transform":false,"type_header_family":"Google_Open+Sans_700_sans","type_header_transform":true,"type_navigation_size":"18px","type_navigation_transform":true,"remove_dollar_symbol":false,"superscript_decimals":true},"Soft Green":{"ajax_cart_method":"modal","cart_notes_enable":false,"collection_prod_image_sizes":"large","collection_sidebar_filters":"tags","color_accent":"#49aa9d","color_body_bg":"#fff","color_body_text":"#585858","color_borders":"#ececec","color_footer_bg":"#f2f2f2","color_footer_social_link":"#bbbbbb","color_footer_text":"#636363","color_header_background":"#fff","color_header_cart_search":"#f2f2f2","color_header_text":"#585858","color_heading_text":"#333","color_nav_bg":"#49aa9d","color_nav_text":"#fff","color_primary":"#49aa9d","color_secondary":"#dcdcdc","favicon_enable":false,"footer_content_enable":true,"footer_legallinks_enable":true,"footer_newsletter_enable":true,"footer_quicklinks_enable":true,"footer_quicklinks_linklist":"footer","footer_social_enable":true,"home_featured_collections_enable":true,"home_featured_collections_sort":"auto","home_featured_row1":"frontpage","home_featured_row1_enable":true,"home_featured_row2_enable":false,"home_featured_row3_enable":false,"home_featured_row4_enable":false,"home_content":"","logo_max_width":"305","logo_use_image":false,"product_image_zoom_enable":false,"product_quantity_enable":false,"product_reviews_enable":false,"product_quantity_message":true,"product_vendor_enable":false,"related_products_enable":true,"share_facebook":true,"share_fancy":true,"share_google":true,"share_pinterest":true,"share_twitter":true,"slide_1":true,"slide_1_link":"\/admin\/themes\/current\/settings","slide_2":true,"slide_2_link":"\/admin\/themes\/current\/settings","slider_home_enable":true,"social_facebook_link":"","social_fancy_link":"","social_google_plus_link":"","social_instagram_link":"","social_pinterest_link":"","social_sharing_blog":true,"social_sharing_count":true,"social_sharing_products":true,"social_sharing_style":"is-normal","social_tumblr_link":"","social_twitter_link":"","social_vimeo_link":"","social_youtube_link":"","twittercard_handle":"","type_accent_family":"Google_Montserrat_400_sans","type_base_family":"'HelveticaNeue', 'Helvetica Neue', Helvetica, Arial, sans-serif","type_base_size":"15px","type_button_size":"16px","type_button_transform":false,"type_header_family":"Google_Montserrat_700_sans","type_header_transform":true,"type_navigation_size":"15px","type_navigation_transform":true,"remove_dollar_symbol":false,"superscript_decimals":true},"Dark":{"ajax_cart_method":"modal","cart_notes_enable":false,"collection_prod_image_sizes":"large","collection_sidebar_filters":"tags","color_accent":"#c4b47f","color_body_bg":"#161616","color_body_text":"#919191","color_borders":"#2e2e2e","color_footer_bg":"#282828","color_footer_social_link":"#dddddd","color_footer_text":"#dddddd","color_header_background":"#161616","color_header_cart_search":"#282828","color_header_text":"#bfbfbf","color_heading_text":"#ffffff","color_nav_bg":"#282828","color_nav_text":"#ffffff","color_primary":"#c4b47f","color_secondary":"#333333","favicon_enable":true,"footer_content_enable":true,"footer_legallinks_enable":true,"footer_newsletter_enable":true,"footer_quicklinks_enable":true,"footer_quicklinks_linklist":"footer","footer_social_enable":true,"home_featured_collections_enable":true,"home_featured_collections_sort":"auto","home_featured_row1":"frontpage","home_featured_row1_enable":true,"home_featured_row1_number":"1","home_featured_row2_enable":false,"home_featured_row2_number":"1","home_featured_row3_enable":false,"home_featured_row3_number":"1","home_featured_row4_enable":false,"home_featured_row4_number":"1","home_content":"","logo_max_width":"305","logo_use_image":false,"mailing_list_form_action":"","product_image_zoom_enable":false,"product_quantity_enable":false,"product_reviews_enable":false,"product_reviews_star_color":"#c4b47f","product_quantity_message":true,"product_vendor_enable":false,"related_products_enable":true,"share_facebook":true,"share_fancy":true,"share_google":true,"share_pinterest":true,"share_twitter":true,"slide_1":true,"slide_1_link":"\/admin\/themes\/current\/settings","slide_2":true,"slide_2_link":"\/admin\/themes\/current\/settings","slide_3":false,"slide_4":false,"slide_5":false,"slide_6":false,"slider_home_auto":true,"slider_home_enable":true,"slider_home_rate":"7000","social_facebook_link":"","social_google_plus_link":"","social_instagram_link":"","social_sharing_blog":true,"social_sharing_count":true,"social_sharing_products":true,"social_sharing_style":"is-normal","social_twitter_link":"","twittercard_handle":"","type_accent_family":"Google_Dosis_600_sans","type_base_family":"'HelveticaNeue', 'Helvetica Neue', Helvetica, Arial, sans-serif","type_base_size":"15px","type_button_size":"17px","type_button_transform":false,"type_header_family":"Google_Open+Sans_700_sans","type_header_transform":true,"type_navigation_size":"18px","type_navigation_transform":true,"remove_dollar_symbol":false,"superscript_decimals":true}}}