{"current":{"background_color":"#e6ebeb","text_color":"#555555","link_color":"#b5792b","base_font_family":"'Source Sans Pro', sans-serif","base_font_size":"16px","use_logo":true,"facebook_url":"https:\/\/www.facebook.com\/shopify","twitter_url":"https:\/\/twitter.com\/shopify","pinterest_url":"http:\/\/pinterest.com\/shopify\/","googleplus_url":"","flickr_url":"","instagram_url":"http:\/\/instagram.com\/shopify","linkedin_url":"","vimeo_url":"http:\/\/vimeo.com\/shopify","youtube_url":"https:\/\/www.youtube.com\/user\/shopify","tumblr_url":"","wordpress_url":"","yelp_url":"","contact_email":"","featured_blog":"news","social_icons_style":"","homepage_page":"frontpage","homepage_collection":"","products_per_row":"3","number_of_rows":"4","checkout_use_header_image":false,"checkout_header_image":"","checkout_logo":"","checkout_logo_image":"","checkout_logo_position":"left","checkout_logo_size":"medium","checkout_use_body_background_image":false,"checkout_body_background_image":"","checkout_body_background_color":"#fff","checkout_input_background_color_mode":"white","checkout_use_sidebar_background_image":false,"checkout_sidebar_background_image":"","checkout_sidebar_background_color":"#fafafa","checkout_heading_font":"Helvetica Neue","checkout_body_font":"Helvetica Neue","checkout_accent_color":"#1990C6","checkout_button_color":"#1990C6","checkout_error_color":"#ff6d6d","customer_layout":"theme","content_for_index":[]},"presets":{"Slate":{"customer_layout":"theme","background_color":"#e6ebeb","text_color":"#555555","link_color":"#b5792b","facebook_url":"https:\/\/www.facebook.com\/shopify","twitter_url":"https:\/\/twitter.com\/shopify","pinterest_url":"http:\/\/pinterest.com\/shopify\/","instagram_url":"http:\/\/instagram.com\/shopify","vimeo_url":"http:\/\/vimeo.com\/shopify","youtube_url":"https:\/\/www.youtube.com\/user\/shopify","social_icons_style":"","use_logo":false,"base_font_size":"16px","base_font_family":"'Source Sans Pro', sans-serif","featured_blog":"news","homepage_page":"frontpage","homepage_collection":"frontpage","products_per_row":"3","number_of_rows":"4"}}}